rainfall,water_level,tide,risk
37.454011884736246,1.3330981797737884,low,medium
95.07143064099162,2.9385542632026116,low,high
73.1993941811405,4.428256261443837,high,high
59.86584841970366,3.7950119888430254,low,high
15.601864044243651,4.129525165376524,low,medium
15.599452033620265,3.464525150198228,medium,medium
5.8083612168199465,3.615244540330336,low,medium
86.61761457749351,4.321380432043936,medium,high
60.11150117432088,1.6235060398663368,low,medium
70.80725777960456,2.702412336394132,low,high
2.0584494295802447,1.49544248818821,low,low
96.99098521619943,4.944506035984912,low,high
83.24426408004217,4.74826702858976,high,high
21.233911067827616,0.6774206511582765,low,low
18.182496720710063,3.675088276320598,medium,medium
18.34045098534338,4.663617428370496,low,medium
30.42422429595377,1.3125890530730009,low,medium
52.475643163223786,3.0557535374868325,high,high
43.194501864211574,4.619697339146188,low,medium
29.122914019804192,0.6527569036360947,medium,low
61.18528947223795,3.6383912026107796,high,high
13.949386065204184,1.8380705331764784,medium,medium
29.214464853521815,4.6597828791943865,high,medium
36.63618432936917,4.869762103244155,low,medium
45.606998421703594,4.749199201010453,low,medium
78.51759613930136,2.633963974958587,low,high
19.967378215835975,4.379191929451911,medium,medium
51.42344384136116,4.300472293407816,high,high
59.24145688620425,1.9359521295946505,low,medium
4.645041271999773,4.230119633678048,medium,medium
60.75448519014384,0.6665343562197168,low,medium
17.052412368729154,3.1832144531692386,medium,medium
6.505159298527952,1.5350397677946637,low,low
94.88855372533332,1.0425509859977546,high,medium
96.56320330745594,0.8462894073314412,medium,medium
80.83973481164611,3.633299491451629,low,high
30.46137691733707,2.0294373369562977,low,medium
9.767211400638388,3.7614504718794266,low,medium
68.42330265121569,0.7941035335952407,low,medium
44.01524937396013,1.9188065202377464,low,medium
12.203823484477883,2.9277108156890175,high,medium
49.51769101112702,4.058254241775336,medium,medium
3.4388521115218396,1.9343862631943147,medium,medium
90.9320402078782,3.316511193966541,low,high
25.87799816000169,4.486899867062842,high,medium
66.2522284353982,3.2713843468203705,medium,high
31.171107608941096,1.548317636391352,low,medium
52.00680211778108,0.6098035170044211,medium,medium
54.67102793432797,4.415444932554184,medium,high
18.485445552552704,0.5957123488267422,low,low
96.95846277645586,4.4361575270788975,low,high
77.51328233611146,2.8802171031224537,low,high
93.9498941564189,4.725804643308033,low,high
89.48273504276489,4.094524560981494,high,high
59.78999788110851,4.990703497400019,high,high
92.18742350231169,2.0782031695326957,medium,medium
8.84925020519195,3.952347300190071,low,medium
19.59828624191452,2.3086891112415895,low,medium
4.522728891053807,2.6594402913675896,medium,medium
32.53303307632643,3.323774584482665,medium,medium
38.8677289689482,4.431547013838524,low,medium
27.134903177389592,4.928375611396828,medium,medium
82.87375091519293,3.957230362390332,high,high
35.67533266935893,2.379950519753002,low,medium
28.093450968738075,2.396106510246816,low,medium
54.26960831582485,3.8191203571500116,medium,high
14.092422497476264,1.5744971559573604,low,low
80.21969807540397,0.997133509091276,low,medium
7.455064367977082,2.0957997093834946,low,medium
98.68869366005173,1.7925754624433679,low,medium
77.22447692966574,1.8333865420519553,medium,medium
19.87156815341724,1.5512348797245947,medium,low
0.5522117123602399,0.6894193533636285,low,low
81.54614284548342,0.5804327063003621,high,medium
70.68573438476172,4.944750753812142,high,high
72.90071680409874,2.4249791018113807,high,medium
77.12703466859458,2.2294699122185673,low,medium
7.4044651734090365,3.5584127721188143,low,medium
35.84657285442726,1.4821424953927886,high,medium
11.586905952512971,4.774825327776014,medium,medium
86.31034258755935,4.038552564869985,low,high
62.329812682755794,0.9023495104051678,low,medium
33.08980248526492,2.379113491032178,low,medium
6.355835028602364,4.456032384029741,high,medium
31.09823217156622,4.7512941003113465,medium,medium
32.518332202674706,2.6033068006244138,low,medium
72.96061783380641,3.2603512514481845,low,high
63.75574713552131,1.2516527574143386,medium,medium
88.72127425763266,4.960258817616395,high,high
47.22149251619493,1.5425226562254952,low,medium
11.959424593830171,4.742292983608065,medium,medium
71.3244787222995,3.423409920465658,high,high
76.07850486168974,3.234815576954866,low,high
56.127719756949624,2.807098299574289,medium,high
77.0967179954561,1.538014152729914,low,medium
49.379559636439076,1.2943761440247872,medium,medium
52.27328293819941,1.4921879408157892,medium,medium
42.75410183585496,1.3389721796491454,medium,medium
2.541912674409519,4.00813013105039,medium,medium
10.789142699330444,2.0755636662502854,low,medium
3.142918568673425,0.7602920445352837,high,low
63.64104112637804,4.860961835633651,medium,high
31.435598107632668,4.477036482335416,low,medium
50.85706911647028,4.674885274378458,medium,high
90.7566473926093,4.977085201908959,medium,high
24.929222914887493,1.2825286214876928,low,low
41.038292303562976,2.2830890850619645,high,medium
75.55511385430486,3.912073140668411,high,high
22.879816549162246,3.632092781242065,low,medium
7.697990982879299,1.1925315785293478,high,low
28.9751452913768,4.17124906245778,low,medium
16.122128725400444,1.509982573264973,low,low
92.96976523425731,1.5071792667018038,low,medium
80.8120379564417,2.916384903020361,high,high
63.34037565104234,3.168229706787664,medium,high
87.14605901877177,3.1103879352701505,low,high
80.36720768991145,0.9116907682898969,low,medium
18.657005888603585,4.448573881836712,medium,medium
89.25589984899777,1.6952001916491772,low,medium
53.93422419156507,1.0828171457726188,high,medium
80.74401551640625,4.499366359410397,high,high
89.60912999234932,4.80043174203389,medium,high
31.800347497186387,4.379574277694528,high,medium
11.005192452767677,4.142822336261951,low,medium
22.793516254194166,3.4485889128755978,high,medium
42.71077886262563,2.978858167741127,medium,medium
81.80147659224932,0.8914404196013457,medium,medium
86.07305832563435,2.338039458818144,low,medium
0.6952130531190703,2.177098326555413,high,medium
51.07473025775657,1.668892026921468,low,medium
41.7411003148779,3.755390511598632,low,medium
22.210781047073024,2.7314408078544687,low,medium
11.98653673336828,0.8647079715844157,medium,low
33.7615171403628,1.490824408774151,medium,medium
94.29097039125192,3.574664436468182,medium,high
32.320293202075526,0.8425888677063509,high,medium
51.87906217433661,4.3304311132194595,low,high
70.30189588951778,2.7281593715628842,medium,high
36.3629602379294,2.662639597969916,low,medium
97.17820827209607,3.165835030967829,high,high
96.24472949421113,4.211064346663171,high,high
25.178229582536417,2.0651414355598687,medium,medium
49.72485058923854,3.551072686515786,medium,medium
30.087830981676966,3.04579383798106,low,medium
28.484049437746762,1.701627215762396,low,low
3.6886947354532795,4.453834938598211,high,medium
60.956433397989684,4.088417097231177,low,high
50.26790232288615,3.4630332559629147,low,high
5.147875124998935,4.327617780924088,low,medium
27.864646423661142,4.402823904319111,high,medium
90.82658859666537,3.6876333952176568,low,high
23.95618906669724,4.266559977636524,low,medium
14.48948720912231,3.6386215775117763,medium,medium
48.9452760277563,3.560633472921352,high,medium
98.56504541106007,3.2837512019683293,low,high
24.20552715115004,3.8872248780093854,low,medium
67.21355474058785,1.2137229738188315,low,medium
76.16196153287176,4.4639184163951775,low,high
23.763754399239968,4.423295874853544,low,medium
72.82163486118596,0.6316127736555162,medium,medium
36.77831327192532,4.216175377541433,medium,medium
63.23058305935795,1.0799144036305033,medium,medium
63.35297107608947,2.0080348441661386,low,medium
53.57746840747585,3.845787153312235,high,high
9.02897700544083,1.2234195322173869,low,low
83.5302495589238,4.18085160853578,high,high
32.07800649717358,4.244603800809839,medium,medium
18.651851039985424,2.783604801923763,low,medium
4.077514155476392,0.5287364227257512,medium,low
59.08929431882418,1.7916715992871075,low,medium
67.75643618422824,3.27617113269084,medium,high
1.6587828927856152,4.915337801123406,low,medium
51.2093058299281,3.343160871575008,low,high
22.649577519793795,1.669116114788719,high,low
64.51727904094498,3.353025663948251,low,high
17.436642900499145,2.92993420872135,high,medium
69.09377381024659,4.009304278180146,low,high
38.67353463005374,0.9814128747213129,medium,medium
93.67299887367345,3.924625561259126,medium,high
13.752094414599325,2.935699604042496,medium,medium
34.10663510502585,4.8334640173654755,low,medium
11.347352124058908,2.0384247471740875,low,medium
92.46936182785628,3.3467985191027667,low,high
87.7339353380981,4.694126474795079,low,high
25.79416277151556,0.9612937759580567,medium,low
65.99840460341791,4.71752819256403,high,high
81.72222002012158,3.59548575035366,high,high
55.52008115994623,0.8052667659732735,medium,medium
52.965057835600646,1.854336051260673,medium,medium
24.18522909004517,3.686774398903767,medium,medium
9.310276780589922,0.8030777066094726,low,low
89.72157579533267,3.11976707079323,high,high
90.04180571633304,2.0564737562883053,medium,medium
63.31014572732679,3.294119829953647,medium,high
33.90297910487007,0.7058391521563079,low,medium
34.92095746126609,4.421915627685693,low,medium
72.59556788702393,4.880700361298286,low,high
89.71102599525771,4.8599503487856115,high,high
88.70864242651173,3.873433242843161,medium,high
77.98755458576238,1.085388080587844,low,medium
64.20316461542878,3.9121843816806017,high,high
8.413996499504883,0.6106411240646068,low,low
16.162871409461378,0.5995559818804876,low,low
89.85541885270793,1.9562459861729355,low,medium
60.642905965958995,2.698894356820996,medium,high
0.9197051616629648,3.9668333801350695,high,medium
10.147154286603211,3.5748291947292734,low,medium
66.35017691080559,2.5065621786953676,high,high
0.5061583846218687,1.7313199982674965,low,low
16.080805141749867,4.9870602507097,high,medium
54.87337893665861,2.417815860061878,medium,medium
69.18951976926932,2.5312416094835397,high,high
65.19612595026005,1.2363071953625113,low,medium
22.42693094605598,4.076642969374682,high,medium
71.2179221347536,3.621570016016699,medium,high
23.724908749680008,1.4934632575494218,low,low
32.539969815926774,0.8707147052712921,high,medium
74.64914051180241,3.562246859336209,low,high
64.96328990472146,3.4453004642651086,high,high
84.9223410494178,1.729667871491942,low,medium
65.76128923003434,4.778886030126847,medium,high
56.830860333547164,1.1797605130140512,medium,medium
9.367476782809248,2.4455066046917087,low,medium
36.77158030594335,4.746271640754195,low,medium
26.520236768172545,2.38877292616755,low,medium
24.398964337908357,3.373366764488385,low,medium
97.30105547524455,2.289174790832574,low,medium
39.30977246667604,1.7339684105690152,medium,medium
89.20465551771133,4.927899415819227,low,high
63.11386259972629,2.3420030284176936,low,medium
79.48113035416485,4.523446416556105,medium,high
50.26370931051921,1.5347957265098877,low,medium
57.69038846263591,1.4589711681128748,high,medium
49.25176938188639,0.6401033729803012,high,medium
19.52429877980445,3.432500714191483,medium,medium
72.24521152615053,2.1583685467569254,medium,medium
28.07723624408558,4.389612124278367,high,medium
2.431596643145384,2.629444580112007,low,medium
64.54722959071678,4.856870425616248,low,high
17.711067940704893,1.3348648206640452,low,low
94.04585843529144,4.4088042558002485,medium,high
95.39285770025873,3.994685837562838,low,high
91.48643902204485,3.969148300898234,medium,high
37.01587002554444,4.301524526525995,high,medium
1.5456616528867428,3.924607959243495,high,medium
92.83185625877253,3.3179914473413694,medium,high
42.81841483173143,1.0906019495707442,low,medium
96.66548190436696,0.6463678077106336,high,medium
96.36199770892529,4.643815315170591,medium,high
85.300945546736,3.2749264153433213,low,high
29.444889206958567,4.084417809392793,low,medium
38.50977286019253,2.666850581806475,high,medium
85.11366715168569,1.0278868503307752,medium,medium
31.692200515627768,1.063336064911477,high,medium
16.94927466860925,3.5850437925303713,high,medium
55.68012624583501,2.436376527047582,medium,medium
93.6154774160781,1.4023612701515153,medium,medium
69.6029796674973,2.712175460336466,low,high
57.0061170089365,0.7889402168381034,low,medium
9.717649377076853,3.1188713086147946,low,medium
61.500722669916975,1.7104703199579396,medium,medium
99.00538501042632,4.089015952867347,medium,high
14.008401523652402,1.896628815156082,high,medium
51.832965236373674,2.548490670868105,low,high
87.73730719279554,0.5522924295864529,medium,medium
74.07686177542044,0.826010995075515,medium,medium
69.7015740995268,2.266221003830082,medium,medium
70.24840839871092,2.659724756227056,medium,high
35.94911512197552,3.2000924665368666,low,medium
29.359184426449335,1.8124816041918645,medium,medium
80.93611554785136,3.6274184875694413,low,high
81.01133946791808,4.370550787351421,low,high
86.70723185801037,4.009329450020074,low,high
91.32405525564712,0.6782847140676072,medium,medium
51.13423988609378,2.66228126266023,high,high
50.15162946871996,0.9721858028817869,medium,medium
79.82951789667752,1.5892025713813736,medium,medium
64.99639307777652,4.939981669702159,medium,high
70.19668772577033,1.1412299430568096,medium,medium
79.57926694361011,2.744996690531102,low,high
89.00053418175663,3.281700804431536,low,high
33.79951568515358,3.6610923674484677,low,medium
37.5582952639944,3.0184190756911136,low,medium
9.3981939840869,0.5439688133863265,low,low
57.8280140996174,1.9690758870979634,low,medium
3.5942273796742086,2.8297023952312013,low,medium
46.55980181324602,0.8953992461517501,high,medium
54.26446347075766,2.0778211904413135,low,medium
28.65412521282844,0.6494139895611495,low,low
59.08332605690107,0.8536032371975933,low,medium
3.050024993904943,2.2861547429071822,medium,medium
3.7348188749214417,1.0972208931937715,low,low
82.26005606596583,3.0539338171770116,low,high
36.019064141126286,3.6025923611176958,medium,medium
12.706051265188478,4.102640145990873,low,medium
52.224326005480435,1.4006760991016454,low,medium
76.99935530986109,1.253671620165814,low,medium
21.582102749684317,0.9705552815048011,low,low
62.28904758190003,3.363936122946365,low,high
8.5347464993768,3.679140769191055,low,medium
5.16817211686077,0.6421376517153892,high,low
53.1354631568148,4.712955108096605,medium,high
54.06351216101065,0.7338707764316259,medium,medium
63.742990149820656,2.935833508854817,low,high
72.60913337226616,3.6907723375291237,high,high
97.58520794625346,4.419361056857385,low,high
51.630034830119534,3.7133911945959253,low,high
32.2956472941246,4.107776373814064,medium,medium
79.51861947687037,2.0275258664426272,low,medium
27.083225126207424,4.166713011859305,low,medium
43.89714207056361,0.8605168087310382,medium,medium
7.845638134226595,4.526674952272375,high,medium
2.535074341545751,2.964165692691813,low,medium
96.26484146779251,4.177839964831222,medium,high
83.59801205122058,2.535432280332351,high,high
69.59742060936979,3.3960996283843623,low,high
40.89529444142699,2.8688119742125093,low,medium
17.329432007084577,3.7921528478989934,low,medium
15.643704267108605,0.8673349191376531,low,low
25.024289816459532,0.7715843779575371,low,low
54.92266647061205,1.611964553045659,high,medium
71.45959227000624,1.2179510605093475,medium,medium
66.01973767177313,4.423026049664907,medium,high
27.993389694594285,1.4864629431111993,low,low
95.48652806631941,4.891393651186091,high,high
73.78969166957685,2.0160310629699807,high,medium
55.43540525114007,1.3195306205991468,high,medium
61.17207462343522,4.053643282141156,low,high
41.96000624277899,3.4641849897539423,medium,medium
24.773098950115745,2.7418807240391256,low,medium
35.597267865126156,2.9991359792193406,low,medium
75.78461104643691,3.736408002225187,low,high
1.4393488629755868,1.5280463359908443,medium,low
11.607264050691624,4.9835026222553385,medium,medium
4.600264202175275,4.886569229660524,low,medium
4.072880231897013,3.426465588561216,low,medium
85.54605840110072,1.3979410291811531,low,medium
70.36578593800236,3.561027090940811,low,high
47.41738290873252,0.8248928404062913,low,medium
9.783416065100148,0.6379362599261273,low,low
49.16158751168324,1.6595729983004617,medium,medium
47.34717707805657,2.5818033053269236,low,medium
17.320186991001517,4.407226274337712,low,medium
43.385164923797305,3.772260813948386,low,medium
39.85047343973734,3.8421793453999147,high,medium
61.585009805221645,2.4147200050163393,medium,medium
63.50936508676438,2.056707466461333,medium,medium
4.530400977204452,2.1696744334307123,low,medium
37.46126146264712,4.94442303681226,medium,medium
62.58599157142364,0.6804913613561712,low,medium
50.31362585800877,4.401641732551019,medium,high
85.64898411883223,3.1040393385757703,high,high
65.8693631618945,2.4737693863531574,medium,medium
16.29344270814297,3.7636594718681144,high,medium
7.056874740042984,2.6900102364111627,medium,medium
64.24192782063156,4.430404571367473,low,high
2.6511310541621813,4.553158388050663,high,medium
58.57755812734633,2.397744170930549,low,medium
94.02302414249576,1.7457250875577321,medium,medium
57.5474177875879,3.16557647867013,low,high
38.816992620652194,4.605635055275109,low,medium
64.32882184423532,1.4479798505254995,low,medium
45.825289049151664,3.3033496260356725,low,medium
54.56167893159349,3.3420209904163425,low,high
94.14648087765252,3.7990086008687642,medium,high
38.610263780077425,1.0920545830726691,low,medium
96.11905638239142,3.7212123410693985,low,high
90.53506419560637,4.5906463429953845,medium,high
19.579113478929642,1.3085739899160889,low,low
6.9361300875165455,1.5689449621574494,medium,low
10.077800137742665,4.871277923187378,medium,medium
1.8221825651549728,1.314396287192704,high,low
9.44429607559284,4.344732920163106,medium,medium
68.30067734163569,2.7152503540161566,low,high
7.118864846022898,1.6125398348142967,medium,low
31.89756302937613,4.4183745557263014,low,medium
84.48753109694546,2.5038736475119947,low,high
2.3271935735825866,2.8166780926836057,medium,medium
81.44684825889358,2.1165501622989455,low,medium
28.185477477339994,3.1682788314571733,medium,medium
11.816482762165625,1.2358574266326023,high,low
69.67371653641507,2.259866914932923,high,medium
62.8942846779884,4.862355450508794,high,high
87.74720135270529,1.6616004471550738,low,medium
73.50710438038858,3.4553149904358147,low,high
80.34809303848486,1.963355289011127,medium,medium
28.203457257130648,3.980629065589703,low,medium
17.743954377972283,1.088931473232574,medium,low
75.06147516408583,4.864194702853451,medium,high
80.6834739267264,2.5420529362263764,medium,high
99.05051420006733,1.5622270850590878,low,medium
41.26176769114265,0.8307353629850569,low,medium
37.201808579278314,1.2639105728939333,low,medium
77.64129607419969,2.8389827685020794,low,high
34.08035402530179,2.016514293940788,high,medium
93.07573256035647,4.229975146471743,low,high
85.84127518430118,2.4389938564781266,low,medium
42.89940273750184,1.6192142266443346,low,medium
75.08710677914974,3.2771524397181353,medium,high
75.45428740846823,3.680497475984506,medium,high
10.31238688359326,1.2516885855542743,low,low
90.25529066795667,1.2542864732974295,low,medium
50.525237244785714,0.6650214212009433,low,medium
82.64574661077417,3.813809067795382,low,high
32.00496010306117,3.4871203742981227,medium,medium
89.55232284962005,2.6358389408741623,medium,high
38.92016787341631,4.298767020361387,low,medium
1.083765148029836,4.1255156882752395,low,medium
90.53819764192636,3.134094639785385,high,high
9.128667678613356,4.407220762309664,low,medium
31.93136375904149,1.4262854451654572,medium,medium
95.0061967050805,1.0036382872897756,low,medium
95.06071469375561,1.7138732518264532,low,medium
57.34378881232861,0.7568908524019169,low,medium
63.183721216979926,2.890262876004644,medium,high
44.84455219783198,4.7147256153273265,high,medium
29.321077169806454,0.6770459330082934,low,low
32.8664545369916,1.0494946130451206,low,medium
67.25184560770384,2.534895627275459,low,high
75.237452943768,4.702437578875572,low,high
79.15790437258485,1.9227024723953772,low,medium
78.96181427945538,2.782556639097766,low,high
9.120610304869036,0.6870778657267644,medium,low
49.442030470258146,1.1675444043293999,low,medium
5.755876001664428,4.939835553314811,low,medium
54.95288823237355,4.843034133962205,high,high
44.1530501373377,0.5222299142048432,low,medium
88.77041827582998,4.783153034404576,high,high
35.09150125520787,3.376039720169752,low,medium
11.706701642760587,4.4056323253400995,high,medium
14.299168205283586,2.546329350352366,medium,medium
76.15106317174723,2.820182128606626,high,high
61.82180633162611,2.699809611156141,high,high
10.112267612279025,3.5008891589574693,low,medium
8.410680611499743,1.128430646403408,high,low
70.096913145912,0.6348811544270507,low,medium
7.276300636419353,1.8856847371603591,low,medium
82.18600592903562,3.6710634323149103,low,high
70.62422271564962,1.4083405345532676,medium,medium
8.134878064189976,3.530445949962128,low,medium
8.483771408519193,4.864604207482717,medium,medium
98.66395785011754,0.9225532210523828,medium,medium
37.427079575612034,3.526709532013068,medium,medium
37.06421470668909,2.4968759868705703,high,medium
81.27995672575025,4.406640144698774,low,high
94.72485773838586,1.2971740525132365,low,medium
98.6001063822871,3.61681678501774,low,high
75.33781852589416,4.271518803416496,low,high
37.62595855309158,4.750763987633104,low,medium
8.350071669866876,3.5746161273034063,low,medium
77.71469159274368,2.737286438037923,low,high
55.840424973580504,3.2803125809054623,high,high
42.42220092469763,4.410072430154232,medium,medium
90.6354385094736,3.0677438598747337,low,high
11.119748230615134,0.6367417686357659,medium,low
49.262510429085914,4.6892691297814,low,medium
1.1353644767419069,3.602870379642025,low,medium
46.86606419941263,3.5443102359976093,medium,medium
5.630327568183735,1.4705381857897273,low,low
11.881791626807193,3.4649846160469573,low,medium
11.752624677710488,2.272389825443713,high,medium
64.92103021160635,3.4305483966867145,high,high
74.60448792654233,0.9796686363859582,medium,medium
58.336876509715964,3.460303870713662,medium,high
96.21725484745419,4.997361765968,medium,high
37.48705795237041,0.7169541748725021,low,medium
28.571208628186074,4.897283828995928,low,medium
86.85991281894603,2.3310858232529177,low,medium
22.359583851945263,4.418390526517666,low,medium
96.32225394406113,4.02073467826223,medium,high
1.2154474689816341,3.051573174440005,low,medium
96.98788267076391,3.8230214416309694,high,high
4.315991195057611,4.4533200258560655,high,medium
89.11431136980711,2.3186314474296483,medium,medium
52.77011090862999,1.971649227034574,medium,medium
99.29647961193004,3.5041702350361312,high,high
7.379656473539886,4.135306738735664,low,medium
55.38542844013208,3.930283106494771,medium,high
96.9302535619099,4.090161419863855,low,high
52.30978441701488,2.4601249166581987,medium,medium
62.93986381352625,4.180253972787597,low,high
69.57486889846172,1.040940749167738,high,medium
45.454106476777326,2.950200940823823,high,medium
62.75580800840635,0.5259139722415471,low,medium
58.43143119231002,1.9606362345512163,low,medium
90.11580104909889,2.1490769069212905,high,medium
4.5446380341457875,2.282777112241649,low,medium
28.096318959223034,3.62960243010438,high,medium
95.04114840765587,2.2485114557165558,medium,medium
89.02637838909163,2.519121301801388,low,high
45.56567527857129,1.5689485889344736,low,medium
62.013259780153675,2.17963306233203,low,medium
27.738118298113267,1.5227133226841816,medium,low
18.81211597237613,0.8293816569579964,low,low
46.36984049399822,3.2155186702162006,medium,medium
35.33522280260528,3.506957593497573,low,medium
58.365611185087204,3.2877065570432653,medium,high
7.773463696498483,2.585723197102576,high,medium
97.43948076661665,2.209036010806534,high,medium
98.62107444796028,4.385001423073214,low,high
69.81617140197451,2.8358680331129813,high,high
53.60963663441204,2.6563184493337895,medium,high
30.952761628632775,0.6153892961289607,medium,medium
81.37950197069486,2.0356152243177035,high,medium
68.47311725538793,2.2108802845363567,low,medium
16.26169393448913,2.294702514036052,low,medium
91.09271844938425,3.1107756615229953,high,high
82.2537242923169,2.901211460270953,low,high
94.9799913291924,3.235572917570501,high,high
72.571950838836,3.9419746769395774,high,high
61.34151959357899,4.158435824222421,low,high
41.82430362906189,3.731553843019225,high,medium
93.27284833540132,4.799856631797206,low,high
86.60638895004084,0.5820466220436273,medium,medium
4.521867010618941,1.3810009355759574,medium,low
2.6366974497252005,0.5340329374016395,high,low
37.64633668780496,3.4136362136957135,low,medium
81.0553330781833,4.541137470274941,low,high
98.72761293149445,1.5956703345933467,medium,medium
15.041689110352818,4.67165545158338,medium,medium
59.41307153521351,0.7712032563030238,medium,medium
38.08908566310215,4.704962120624814,low,medium
96.99143978146031,2.082302092578355,low,medium
84.21189231357087,0.9563937280214743,low,medium
83.83287047111378,2.6864229163384654,high,high
46.86931597949703,1.6554945547422857,low,medium
41.48195023376652,1.7819280588286528,low,medium
27.340707193070624,1.8828048421682895,high,medium
5.6375496650927115,4.113616540246985,low,medium
86.47223762550531,2.926225745038645,high,high
81.29010091300776,1.9008846462020164,medium,medium
99.97176732861305,3.2465020248991325,high,high
99.66368370739053,3.722678034004371,low,high
55.543170560262745,1.726808003300902,low,medium
76.89874151805105,2.3609709568640818,medium,medium
94.47657298824281,1.048487420016264,high,medium
84.96473906774115,1.3151720729060614,medium,medium
24.734810174319765,3.5650303428424226,low,medium
45.05441353100935,1.3164725646303213,medium,medium
12.915941515149498,2.8632352265017706,medium,medium
95.40510272587224,3.690708177750947,medium,high
60.617463445088006,0.9809461539263473,medium,medium
22.864280550346272,3.052904988330066,high,medium
67.17006844058567,1.654532526656137,medium,medium
61.81282404578958,4.8331709385691095,low,high
35.81627180328405,2.6759554102396614,low,medium
11.355759219962902,4.126966473988212,low,medium
67.15731955927996,2.976019439703178,low,high
52.03077009037933,0.6953563978466862,low,medium
77.23183917356393,3.3491811901731006,low,high
52.01635011119934,4.781315039929956,low,high
85.21815003185401,3.2072531906584905,low,high
55.190683877448556,4.186349867420556,high,high
56.093797153538624,4.4789290850678345,high,high
87.66536026583451,1.5263589737701961,low,medium
40.3482866212397,1.45420177958702,high,medium
13.401522845064074,3.249414449829463,medium,medium
2.8782676313338973,2.349628114130171,low,medium
75.5137255673619,4.279375862900242,low,high
62.03095513534647,4.55010405529105,medium,high
70.40797680992236,2.0903962068622315,medium,medium
21.296416150891073,1.5659175153851692,medium,low
13.637147558676975,4.012364818597378,low,medium
1.4544665667881929,1.7366271599666123,low,low
35.058755880659696,4.201764433311553,low,medium
58.991768685463306,2.4068221414194326,low,medium
39.22440450997323,3.5039745468116172,low,medium
43.747492202372904,0.9299089122560068,low,medium
90.41586944937484,3.3073669610445786,high,high
34.82554670233004,2.532954554317531,high,medium
51.39894891598108,3.1397380842896334,low,high
78.3653012741143,1.2560639348518854,high,medium
39.65427823212701,3.8159318522488195,low,medium
62.20867002278735,4.382586848944529,low,high
86.23637087467452,1.4753291004084903,low,medium
94.9520623657642,0.9307154998407278,medium,medium
14.707348092903793,0.6063736372085138,high,low
92.65876251614944,3.388871751994697,medium,high
49.21162930795382,3.2319231623995135,low,medium
25.824438829895836,2.960138357213315,medium,medium
45.913575623826134,1.5437619325218894,low,medium
98.0032575285477,2.259076981574816,high,medium
49.26180939928696,3.175143508337779,medium,medium
32.875161028750824,2.7354508648662623,low,medium
63.34008543167258,4.945034840966993,medium,high
24.014561877819308,1.113978886505299,medium,low
7.586332810866391,3.628150493214172,low,medium
12.887972191064922,2.3194344564693146,medium,medium
12.804583895777244,2.4268982671652664,low,medium
15.190269351229436,3.729189945461793,medium,medium
13.882717264941014,3.6159626809596634,high,medium
64.08747448032146,4.960651971659847,high,high
18.188008439914483,1.0777743025435635,medium,low
34.56672833238632,0.9684934222287485,medium,medium
89.67884099060119,3.759524677079335,low,high
47.39616402628724,3.1027411265288407,medium,medium
66.75577385210272,1.7337229995191263,low,medium
17.231987120162984,0.8573871604504397,low,low
19.228901880867078,0.8854621231839375,low,low
4.086861626647886,4.523858935988533,low,medium
16.893506307216455,1.363402961234343,medium,low
27.85903390319586,1.9551720295198434,low,medium
17.70104842767468,1.519953810021446,medium,low
8.87025337570556,2.097483376243718,low,medium
12.06358711006008,0.8124072923574202,low,low
46.077876803272574,2.835769059087217,medium,medium
20.63337184057925,0.8042565361649671,low,low
36.42698610480755,4.101604285200628,low,medium
50.34172708548569,1.5517043685969485,medium,medium
69.03948286293652,2.930053615720298,low,high
3.9312139841098936,4.460355894026562,high,medium
79.94103989090426,3.4289481607123737,low,high
62.79003894909078,2.898310039481009,low,high
8.17590319488719,1.9595018890191902,medium,medium
87.35786241067773,1.9985086087618906,low,medium
92.08724005318132,3.5126912983918555,low,high
6.107795985486375,4.973627125495254,low,medium
27.687764814720374,3.4782763543222037,low,medium
80.62012797930613,3.0100253781651123,high,high
74.82596903836584,3.7879272960766075,low,high
18.45210193563773,2.5934252552767316,medium,medium
20.93493233367103,0.7706405417035335,high,low
37.0472102791382,3.0303356714505942,low,medium
48.45229851910213,4.809313780274211,high,medium
61.825477153029595,1.2888632406094684,low,medium
36.891363956977244,3.6050220086929956,high,medium
46.25347161331479,1.4042015989657541,low,medium
74.74709381337566,2.9112245801288656,medium,high
3.66832028905979,0.9350440234102383,low,low
25.243694434402077,2.526669213161833,low,medium
71.33495858845524,3.9027349800286073,medium,high
89.52068376871993,2.0640718590754195,medium,medium
51.167744211566614,3.492102760192481,low,high
53.211348526531566,4.079524823553781,low,high
10.717201133977605,4.672300187657537,medium,medium
44.741236682345466,1.555889368349541,medium,medium
53.261726645502314,2.2969216211418866,high,medium
24.247050363472965,1.1858720599868784,medium,low
26.924323094938096,4.966175759712688,high,medium
37.728416310462265,4.671504355659329,medium,medium
2.007119777772637,2.9298070862625183,low,medium
32.20791655831783,4.2891498246938955,low,medium
21.144800699654464,2.8443108977241898,medium,medium
32.74973521779147,3.306135596012419,medium,medium
11.976213181925122,0.9010599445220748,low,low
89.0527280739895,3.898716892235636,low,high
59.359245355404866,1.0747106763585568,high,medium
67.91023191444896,4.217304336136378,medium,high
78.91712386073382,4.019126394516737,low,high
49.84421989290573,3.689351139843394,low,medium
8.69202880874237,0.6627217123614295,low,low
53.71065418185478,1.8640776017539786,low,medium
58.68411180208791,1.684006564598793,low,medium
74.54394741843299,2.120613833621836,low,medium
43.16595462296794,0.8943923604372734,medium,medium
12.758030279556376,4.716310203639782,low,medium
28.377590579872447,2.9921100832056933,high,medium
36.30822963986351,1.874859397961106,high,medium
64.59172413316013,2.2864168268342753,low,medium
57.077830466891186,2.5124114322717603,medium,high
35.60967258978462,3.202674500122778,low,medium
98.65152487929797,2.8205574246342398,high,high
60.577481935688716,4.637263879464878,low,high
23.72267917359945,2.736335673076236,medium,medium
10.178247262040374,4.964711066704907,medium,medium
15.285913918433202,4.331412309852931,low,medium
24.595772838450813,1.4382973146080111,low,low
16.06813732595557,4.687678465897623,medium,medium
18.656702405130577,1.0236487904846423,medium,low
28.50951686938471,4.178523688210362,low,medium
17.33735952947548,2.2128048206446103,medium,medium
89.67654246264252,4.450884442002813,low,high
8.023374566164222,4.406255105483527,medium,medium
52.451138957025464,4.126664300529296,low,high
41.03968269896615,4.055136963381776,high,medium
98.23786169086064,1.8710561259411835,low,medium
11.203890216805235,0.8641367737306348,low,low
39.785559904574164,2.3134108044432264,low,medium
96.94704332753689,1.280860317439289,low,medium
86.55071258939803,3.627279900061078,medium,high
81.707207094928,2.057448769420035,low,medium
25.790282704493983,4.890245903869617,high,medium
17.088758739006582,3.384374348053994,low,medium
66.8643219924431,4.201162536354625,low,high
92.93759891275857,1.096361027338318,low,medium
55.67628930139298,4.379065170226801,low,high
57.161268946989985,4.652407357310275,low,high
27.997909366028416,2.6917786346852117,low,medium
76.94929331919369,3.2281382198793986,low,high
18.704374855752338,3.9416441040634793,low,medium
32.367923640424365,1.2867738226718566,medium,medium
42.54364386164168,2.761547344085491,medium,medium
50.7610378684455,2.293983624975409,low,medium
24.240973241508023,1.158682964730121,low,low
11.483682473920354,2.1539049003118915,high,medium
61.06200424416326,0.8067753922347211,medium,medium
28.863055324025577,0.6161535812726915,medium,low
58.123822142261226,1.1082483011967024,low,medium
15.436271527420232,4.834018002151282,medium,medium
48.114010185481746,2.9728829115275763,medium,medium
53.258943255158584,4.84619972518949,medium,high
5.182353682242691,2.446240452485594,high,medium
33.660427819392055,1.903172598883668,low,medium
13.441467693897424,2.7776383827810984,low,medium
6.337497047276774,2.4778025988480956,medium,medium
98.99602323899452,0.9754910791778476,high,medium
32.235384497472296,3.383718416105928,low,medium
80.98744458546349,1.4721718212931982,low,medium
25.464065476376383,3.288145797040233,low,medium
68.15027222239293,3.42590491579169,low,high
76.02278598896865,1.1841118390789165,medium,medium
59.56387406078443,0.7760733219980067,medium,medium
47.15761885501584,4.013427137307979,low,medium
41.18409141472685,2.569101906961941,low,medium
34.88682665429953,0.761737079774641,low,medium
92.95291442478259,4.9768984272639525,low,high
83.06194077877291,0.7600125244836499,medium,medium
96.50269106665125,3.6276585298634894,high,high
12.429722348554472,4.926555163685361,high,medium
73.08674752036443,1.5763104689716654,low,medium
93.83404568210378,1.1401221590923827,high,medium
18.123306616566015,1.04623222740093,medium,low
6.6496267366777495,1.86473816405418,medium,medium
74.11206492900591,0.9547061495479101,low,medium
57.44731131799119,3.6147260376235937,low,high
84.1828776758272,0.7803130915852821,low,medium
13.97723766262895,2.792399576674054,low,medium
79.52673118598902,4.985135842338396,low,high
20.162732004774455,4.162866212777084,low,medium
16.36559428657045,3.268487472039549,low,medium
16.426579793099293,1.8781412935397526,medium,medium
81.45747202313821,3.3075312633123732,low,high
66.51972206962002,2.8716865876024324,low,high
52.30654247691193,2.4173752275066716,high,medium
35.88304841235025,1.0881966953308977,high,medium
87.72005408131082,4.4897189685821,medium,high
39.244510742263536,2.524030919695951,high,medium
81.65994394715771,1.3758013031934428,medium,medium
43.91349085702184,2.154917078947803,high,medium
37.69444294249076,2.3635838863801717,low,medium
46.26797856696064,4.223920530050934,low,medium
30.13778741641421,3.8012647125263093,low,medium
74.76093801762511,3.961872021386029,low,high
50.27203900924791,0.5496406899289125,low,medium
23.22126951468173,2.372692991808927,medium,medium
89.95745732745685,2.6660486823589564,medium,high
38.38912213732114,0.5863652457037551,medium,medium
54.35528611139886,1.6691594393526539,low,medium
90.6472110964547,3.9213042040496076,high,high
62.42379959139921,1.1169936757804957,medium,medium
11.689804070836407,2.9088955915366626,low,medium
93.98321236134751,1.4684084240775688,medium,medium
62.770805307141785,0.5545434858975198,low,medium
33.49056146570861,1.5854065591979367,low,medium
13.927207266338726,4.891431897095242,high,medium
79.4025189270296,4.106917003473454,low,high
62.00727559285135,4.818094899444651,low,high
53.34610919763215,2.695343197668631,high,high
89.38925830509577,0.9938128940487658,medium,medium
78.85972112245308,2.9658177003816184,low,high
15.167487973275119,2.544698005519824,low,medium
31.172206779554823,4.299606872328272,low,medium
24.848913981446575,0.9413716135291006,medium,low
74.3946292572677,2.697085116598002,low,high
3.353243473577938,1.1752189911229292,low,low
56.98896848713165,1.9610416710052698,high,medium
76.24586857406905,3.8181068482450984,medium,high
87.67656367617495,2.642081582159449,low,high
34.20817487159075,2.191497283155962,medium,medium
82.12573046720128,2.275143253565159,medium,medium
11.063173695520723,2.56751045782694,low,medium
84.64522917345182,4.0325744472667555,low,high
12.748866233198243,4.514381100231055,high,medium
39.72872905603673,4.799006089267677,low,medium
79.72953657795536,4.041065238148828,medium,high
14.991742734877377,1.9193310308660574,low,medium
22.92513952326415,3.5966061773894396,low,medium
72.22525683930662,2.4692140582492637,low,medium
72.00365365460743,1.6460177992072302,low,medium
64.11476328852973,4.283922107416652,low,high
69.39484444671,0.6729185703304625,low,medium
54.27244433475962,4.557928964609406,high,high
25.179905890695274,2.5766485908113035,high,medium
34.56959935039195,3.3674066456372618,medium,medium
18.159771680142565,3.4670926499260224,high,medium
90.84505613336283,4.5280298331794135,low,high
58.339179476612046,3.365013569752433,high,high
40.08514167636399,3.262701131420278,low,medium
46.20058036441327,0.7999341825231048,high,medium
94.72833396118153,2.8328360987534182,high,high
15.33514031160802,1.1757605036766874,medium,low
58.62298320167972,3.8184519592466852,high,high
50.5888678884466,2.804998643657035,medium,high
61.14542354346478,3.56102500643759,low,high
1.8110183820840509,0.6875280527107293,low,low
87.21239089441515,0.8815640722061144,medium,medium
93.21182824836124,3.7234552462820703,low,high
56.51331835892089,0.8243795119940301,medium,medium
69.66508238768922,0.8206552749436637,high,medium
92.24993811772957,0.5544881385569935,low,medium
70.72386343133986,4.80425629234766,medium,high
15.253904291426135,3.818787617565531,high,medium
57.62883601668132,2.089631338259289,high,medium
60.67150463828559,1.8344101157944486,high,medium
42.4130671302386,2.073664533856323,medium,medium
73.64442356247228,3.985940890315318,high,high
93.43670147690149,3.476167749816865,medium,high
92.55685129067763,1.3333800554036057,low,medium
45.08393714041321,1.2834920090033797,low,medium
11.323804584075525,0.9427804237102879,medium,low
98.48411989623345,3.4713622386560217,low,high
83.88980864459342,3.9396769799978117,medium,high
12.466268120326685,1.692708927462518,medium,low
92.08418826173724,0.5942523246391076,low,medium
86.98963620621282,0.869772503643923,medium,medium
51.88380571260721,4.855370156802637,medium,high
59.127543574492925,1.829501498648391,low,medium
39.90027038701302,3.9615041652716014,low,medium
5.476163882203133,3.310986059844187,low,medium
33.519724164590095,2.2187283784380316,low,medium
80.28534485980114,1.425592679879998,high,medium
0.4632023004602859,1.046238881717329,low,low
33.34991716911442,3.2675583561749,medium,medium
39.81686935909433,3.985852012870046,low,medium
53.73956029379229,3.397569140935088,low,high
91.98556164127605,2.8863595996212124,high,high
34.634599436596126,0.6887805054423632,medium,medium
34.69532018962277,4.858199499174727,low,medium
73.75012481097484,4.094213862445585,low,high
45.221794088980715,1.8176991651543413,low,medium
22.460482293998197,4.909866482114828,low,medium
45.24395161326934,3.2084671533634497,medium,medium
14.085702037979985,3.120901961932609,low,medium
17.63869865062233,3.8663293074328946,low,medium
49.83677727394797,4.152964046405619,low,medium
41.89254495045479,3.4541537329917618,high,medium
91.48459010681,1.0764308586479001,high,medium
36.23938991166331,2.0222037769752426,low,medium
58.05883502780434,4.6763763814672235,medium,high
63.22642879195304,1.5107702532973337,low,medium
1.3094456588333636,2.17475160726881,low,medium
66.35373720167107,2.4443459732488817,medium,medium
17.803596686975144,2.477322453625035,high,medium
96.10703174694551,3.2582281212253648,high,high
14.866272775311295,4.743841269851184,medium,medium
41.462412372702374,1.5831172032462724,low,medium
8.534966807864386,1.0467561933541312,medium,low
99.68742518459473,1.388617204369718,low,medium
50.21950103312426,4.491162050941712,medium,high
59.53850173200438,3.406148656948427,low,high
6.7076477388427485,1.7865805515762205,medium,low
74.99604703991778,4.171761225358777,low,high
20.990559309558577,4.376164983635462,low,medium
89.80542894407138,4.309314524106251,high,high
20.513964048200716,4.635169401377995,low,medium
19.068772066366655,1.635084590780127,medium,low
3.654966784809488,3.8976886793582524,low,medium
47.206694510999924,2.57242773773363,low,medium
56.48411332626164,4.288993488005277,low,high
6.570863942835237,3.7782080472272592,low,medium
77.55276166950105,3.9940135092487608,high,high
45.32888347480276,3.4527282695648216,low,medium
52.439026932758004,1.298429462613681,high,medium
44.07627469382282,2.9526211350362224,medium,medium
40.0763060875326,4.931013827860287,low,medium
55.96403313082179,4.718246299237035,medium,high
15.52402459307125,0.6942818110865525,medium,low
18.19281304952711,1.241666670782467,medium,low
86.17856210135173,1.0927794805455286,low,medium
94.61154621336327,3.76690959493383,low,high
37.330931627975296,4.180033984356253,high,medium
27.074467314355378,1.4608011483980237,high,low
64.39995432390158,2.7763371182832306,high,high
40.87341710980964,4.2831636260504,low,medium
2.538635566034486,3.7976069514481274,medium,medium
15.615259736619036,2.9400674247133174,low,medium
71.59722288473975,3.156564607064478,low,high
65.89239419101514,2.78762246112326,low,high
2.709599250348349,1.8389680309346925,medium,medium
22.197216193294945,3.0425989678655725,low,medium
23.10747965880714,3.599983859225408,low,medium
67.18927435987284,4.429953121373634,high,high
1.9710537754364155,3.363311092906616,low,medium
10.410858198457385,3.925046916694211,low,medium
79.99160853731894,1.2203223572955784,low,medium
17.85446620543336,2.5770086348890544,high,medium
65.27461078518748,0.5419922892219198,medium,medium
23.81827810467265,1.6100548903473035,low,low
9.944139275934516,3.7690777180085218,high,medium
24.317219099945408,4.963144781072136,high,medium
72.22669318556592,0.9463014481424716,low,medium
85.56964681062857,2.3067244213757974,medium,medium
83.02198645669915,4.1003193591462175,medium,high
39.71835296184548,1.4181603558300448,medium,medium
66.80851365706462,2.997882271860288,low,high
20.498429541582098,3.7988208321335364,high,medium
29.314773026101328,3.2719345261708055,medium,medium
89.63358185211197,1.3461113057693725,low,medium
1.3001923510736035,2.0992305590858273,low,medium
8.550853085446807,4.027063030184287,low,medium
20.78862551460273,2.994019313594075,low,medium
2.6532203873819715,0.5235332609431074,medium,low
18.143543508979732,3.924458420126422,low,medium
58.304156096969216,0.6589010972310758,low,medium
42.1424550592498,3.8558020222905447,medium,medium
89.26717110769748,1.4111625207435683,low,medium
81.7443561738441,4.811330660537211,high,high
34.1817351697876,2.15573338085938,low,medium
25.94234334312925,1.971192273521356,low,medium
37.96924081672669,1.169996226496001,low,medium
59.02949425148078,1.875218969705967,low,medium
26.806364082287626,4.444928428226902,low,medium
62.4148907849134,4.983504519322613,medium,high
40.941165219124045,2.1573928872808175,high,medium
55.204718085198024,2.5187478392954414,low,high
43.61265291353167,3.749319221912317,medium,medium
29.44657595419177,4.487881012092835,medium,medium
94.84533069621567,3.1686995038405286,high,high
76.36057941597608,2.261865641800232,low,medium
14.011317576645254,2.356798283818807,low,medium
86.84679758979128,3.630281659235631,low,high
48.743119824951364,0.5144821862192541,medium,medium
89.45522268940914,3.288152018569283,high,high
79.98552559473153,2.099718546986108,low,medium
42.52135044692334,4.073887990746879,low,medium
2.24693083201174,0.9184578792040947,high,low
26.867735938494608,3.1469102012677572,high,medium
54.16342146608669,2.6643780044875567,high,high
63.347821982614725,3.3904648665735233,medium,high
25.788768543320227,0.7918411751733576,low,low
13.935607407282413,3.1099270434265907,medium,medium
83.4930236799299,3.026680645817857,medium,high
98.44021807035521,3.0229704248727693,low,high
52.56901823026858,3.2156944996840466,medium,high
17.16792858483035,3.54410571751863,medium,medium
27.230732651936897,4.122450498563464,low,medium
1.8390676547466733,1.7141932405769644,medium,low
91.4298806560499,4.212722345810279,medium,high
11.775108289014113,2.742150570185541,high,medium
57.651647551425356,0.8467622561044903,low,medium
27.4055220687206,0.7634791815979064,low,low
55.417800251579344,2.0040724341322735,medium,medium
65.14203883518643,4.032036397001604,low,high
82.97418037072016,3.684564206334121,medium,high
20.64212717606032,4.04876734102583,medium,medium
1.0995828658480478,2.827710753987242,low,medium
13.688563006880727,2.4808954907997074,medium,medium
90.00186418481051,1.1635363701782777,medium,medium
87.38900775625153,1.976867391241902,low,medium
59.74131021703083,2.4530871477824387,high,medium
60.051686043365336,0.8987019335582775,high,medium
66.50366745462554,1.4927537872004506,medium,medium
17.53712786234496,3.1920138232868247,medium,medium
91.44119459249598,3.810484014076354,low,high
41.87705248920731,4.992563801268274,high,medium
38.31385282494975,4.69900999104601,medium,medium
51.89177052828376,3.391543397908362,medium,high
4.696596677505505,2.3956162398233243,high,medium
16.628336875607943,3.362798141187047,low,medium
73.80336164263704,4.035432281361044,high,high
8.279866792512646,1.032512859155243,low,low
60.31521094663882,2.344572003633297,low,medium
24.534910968132095,4.279110285360277,low,medium
38.929561404197656,2.2272482836986978,high,medium
28.869373677069987,3.0734252205223394,high,medium
35.567271646494916,3.144962123879892,medium,medium
71.90459051842456,1.3301431391013772,medium,medium
29.7121715623175,2.1300594874352976,medium,medium
56.64046402968972,2.005300799338695,high,medium
47.60504021990997,0.6178851883942915,low,medium
66.36711653626482,0.6088629375110985,low,medium
93.6829739324758,4.2426366965409805,low,high
73.25720972102503,1.728818644877656,medium,medium
21.494037859075675,2.8313544480746695,medium,medium
3.1183135061284672,1.8442650811494787,low,medium
26.22640442998251,4.733056603019032,low,medium
59.507793070025485,1.6668354148959819,high,medium
5.1425813484250344,2.433455657325208,low,medium
49.636624720123635,4.427286127180708,medium,medium
59.68428489168892,4.288701050563139,high,high
33.424389081696084,1.337456380308248,low,medium
77.09122037458219,4.111894894080697,low,high
10.65982531337718,2.561840990320517,medium,medium
7.513778173580876,2.6733599243840986,high,medium
72.81887562036033,1.100659875871747,medium,medium
49.549131620619846,0.8627068119070609,high,medium
68.84023964277361,3.775726881381943,low,high
43.48273386037462,2.734075185598849,medium,medium
24.640203323910683,2.465828161768308,medium,medium
81.91023176741997,3.7827870289357852,high,high
79.94158789689793,3.944808045459994,low,high
69.46964708544267,1.215086754512091,high,medium
27.21451372299627,3.246013172649386,medium,medium
59.023066686908706,1.1090933702495849,low,medium
36.09738969400268,3.8811878871307055,low,medium
9.158207332663416,3.456298203202128,high,medium
91.73135754622427,4.804765794875561,low,high
13.68186309189614,0.8103110736038953,low,low
95.02373538208025,0.7567462451806444,low,medium
44.600577295795574,1.7698418361194006,high,medium
